id,email,name,password,time_created,picture_link,login_attempts
0,cave.johnson@aperture.com,Cave Johnson,IH8Lemons,2023-10-21 11:22:51.915562,,0
1,jmarston@rockstar.com,John Marston,ILuvhorse,2023-12-04 13:07:47.800520,,0
2,wafton@fazbear.com,William Afton,biteof'87,2023-12-04 13:11:05.986901,,0
3,henry@fazbear.com,Henry Emily,fazbear,2023-12-04 13:14:36.353402,,0
4,jack@gearbox.com,Jack Hyperion,border,2023-12-04 13:25:26.468608,,0
5,destroylonely@hldmyhnd.com,Bobby Wardell,Veteran1629,2023-12-05 03:40:17.646352,,0
6,morrissey@thesmiths.com,Steven Morrissey,DoubleDeckerBus34,2023-12-05 03:46:23.412032,,0
7,peterg@familyguypeter.com,Peter Griffin,EhhLois50,2023-12-05 03:58:07.894655,,0
8,madvillain@allcaps.com,Viktor Vaughn,MmFood49,2023-12-05 04:03:51.297591,,0
9,paulmark@hotmail.com,Paul Mark,PaulMark1,2023-12-05 04:16:47.763976,,0
10,dukedennis@amp.com,Duke Dennis,ThingsOfThatNature26,2023-12-05 04:22:09.910589,,0
